Frequency,Angle,Length,Velocity,Thickness,Noise
800,0,0.3048,71.3,0.00266337,126.201
2500,0.0,0.1016,31.7,0.00150092,132.003
8000,0.0,0.2286,71.3,0.00214345,118.024
1250,0.0,0.1016,71.3,0.00121072,130.335
3150,17.4,0.0254,55.5,0.016570599999999998,124.101
250,7.3,0.2286,31.7,0.0132672,130.089
1600,15.6,0.1016,71.3,0.0437259,121.52799999999999
1600,6.7,0.1016,71.3,0.00478288,136.678
400,3.0,0.3048,71.3,0.00425727,127.564
800,5.4,0.1524,31.7,0.00525474,131.491
1600,22.2,0.0254,71.3,0.0214178,131.817
315,4.0,0.3048,71.3,0.00497773,128.175
5000,7.3,0.2286,55.5,0.011170600000000001,113.14399999999999
630,7.3,0.2286,55.5,0.011170600000000001,130.934
1250,0.0,0.1016,39.6,0.00146332,132.27100000000002
5000,0.0,0.1524,55.5,0.00172668,125.20299999999999
1600,2.7,0.1524,71.3,0.00243851,130.644
2000,12.7,0.0254,71.3,0.012180799999999999,134.22799999999998
630,11.2,0.0508,71.3,0.014072,133.611
400,19.7,0.0508,71.3,0.034118300000000004,123.865
2000,7.3,0.2286,31.7,0.0132672,115.309
800,4.0,0.3048,39.6,0.00579636,130.72299999999998
250,7.3,0.2286,71.3,0.010440399999999999,139.918
8000,3.3,0.1016,55.5,0.002211,120.569
630,6.7,0.1016,31.7,0.00592927,132.116
1600,0.0,0.1016,71.3,0.00121072,131.725
3150,7.2,0.1524,71.3,0.00752039,116.78299999999999
2000,5.4,0.1524,39.6,0.00485029,124.647
630,12.7,0.0254,71.3,0.012180799999999999,128.878
1000,12.3,0.1016,55.5,0.0368233,125.484
1600,4.2,0.0508,39.6,0.00152689,130.197
5000,0.0,0.0508,55.5,0.00076193,134.556
1600,12.7,0.0254,71.3,0.012180799999999999,134.528
3150,2.0,0.2286,31.7,0.00372371,121.527
1000,5.4,0.1524,71.3,0.00401199,133.201
1600,0.0,0.1016,39.6,0.00146332,133.261
2500,1.5,0.3048,39.6,0.00392107,120.98100000000001
10000,0.0,0.0254,55.5,0.00041229,134.563
4000,15.4,0.0508,31.7,0.028985300000000002,115.635
2000,22.2,0.0254,71.3,0.0214178,127.197
200,9.9,0.1524,39.6,0.0233328,127.315
4000,8.9,0.1016,71.3,0.0103088,120.243
500,11.2,0.0508,71.3,0.014072,130.311
2500,19.7,0.0508,71.3,0.034118300000000004,118.385
1250,2.0,0.2286,31.7,0.00372371,128.67700000000002
3150,12.3,0.1016,71.3,0.033779199999999995,120.79799999999999
400,7.2,0.1524,71.3,0.00752039,130.123
630,4.0,0.2286,31.7,0.00509068,130.349
1600,0.0,0.0254,39.6,0.00042846400000000004,124.156
800,12.3,0.1016,71.3,0.033779199999999995,127.318
6300,9.9,0.1524,31.7,0.0252785,108.689
1250,0.0,0.0254,31.7,0.000439472,127.947
1600,12.3,0.1016,39.6,0.0408268,117.875
2500,0.0,0.1524,71.3,0.0015988,128.127
315,5.3,0.2286,39.6,0.00614329,129.691
800,4.0,0.2286,39.6,0.00473801,130.469
4000,0.0,0.0508,39.6,0.000791822,135.308
3150,3.3,0.1016,39.6,0.00245138,128.401
500,12.6,0.1524,39.6,0.058411300000000006,114.9
6300,8.9,0.1016,71.3,0.0103088,117.25299999999999
315,5.4,0.1524,39.6,0.00485029,125.34700000000001
8000,4.0,0.2286,55.5,0.0042861999999999996,112.524
800,4.0,0.2286,55.5,0.0042861999999999996,131.864
1600,17.4,0.0254,71.3,0.016104,126.406
1600,17.4,0.0254,55.5,0.016570599999999998,126.471
16000,0.0,0.3048,71.3,0.00266337,108.721
10000,4.0,0.3048,71.3,0.00497773,110.905
800,2.0,0.2286,55.5,0.00313525,128.49200000000002
630,8.4,0.0508,39.6,0.00566229,126.045
1000,11.2,0.0508,39.6,0.015047799999999998,132.43
500,8.4,0.0508,39.6,0.00566229,122.905
5000,3.0,0.3048,39.6,0.00495741,115.792
3150,5.4,0.1524,71.3,0.00401199,123.311
400,7.2,0.1524,39.6,0.00909175,132.118
800,11.2,0.0508,71.3,0.014072,136.031
500,8.4,0.0508,55.5,0.00544854,123.742
1250,5.4,0.1524,55.5,0.00433288,130.77700000000002
6300,3.0,0.3048,39.6,0.00495741,114.042
2500,3.3,0.1016,55.5,0.002211,132.889
630,15.4,0.0508,71.3,0.0264269,129.645
3150,0.0,0.2286,39.6,0.00253511,124.625
1600,5.4,0.1524,31.7,0.00525474,123.76100000000001
500,7.3,0.2286,55.5,0.011170600000000001,133.174
4000,4.0,0.2286,55.5,0.0042861999999999996,120.654
630,4.0,0.2286,71.3,0.00400603,129.03799999999998
200,15.4,0.0508,55.5,0.0271925,122.94
3150,8.4,0.0508,31.7,0.00580776,122.086
315,12.3,0.1016,55.5,0.0368233,135.674
200,8.9,0.1016,39.6,0.012459600000000001,133.42
8000,0.0,0.0254,39.6,0.00042846400000000004,135.866
8000,4.8,0.0254,55.5,0.000873218,132.184
1250,5.4,0.1524,39.6,0.00485029,127.117
2000,0.0,0.1524,31.7,0.00209405,128.907
2500,9.5,0.0254,55.5,0.0043284,134.15200000000002
2000,0.0,0.3048,71.3,0.00266337,127.461
3150,6.7,0.1016,71.3,0.00478288,124.458
500,0.0,0.1524,55.5,0.00172668,120.573
1600,4.0,0.2286,55.5,0.0042861999999999996,128.264
3150,0.0,0.3048,71.3,0.00266337,125.20100000000001
4000,0.0,0.0254,55.5,0.00041229,133.22299999999998
2000,5.4,0.1524,71.3,0.00401199,131.111
6300,0.0,0.0254,71.3,0.00040068199999999997,134.987
2500,0.0,0.3048,39.6,0.00310138,121.399
630,5.4,0.1524,71.3,0.00401199,128.971
400,2.0,0.2286,71.3,0.00293031,125.116
3150,3.0,0.3048,39.6,0.00495741,118.92200000000001
4000,4.2,0.0508,39.6,0.00152689,131.80700000000002
630,17.4,0.0254,55.5,0.016570599999999998,122.411
1250,15.4,0.0508,31.7,0.028985300000000002,123.255
400,8.9,0.1016,71.3,0.0103088,138.123
800,8.9,0.1016,39.6,0.012459600000000001,130.94
315,5.4,0.1524,31.7,0.00525474,125.741
500,15.6,0.1016,71.3,0.0437259,130.638
315,9.5,0.0254,31.7,0.00461377,122.766
6300,12.3,0.1016,55.5,0.0368233,110.124
400,5.3,0.2286,39.6,0.00614329,131.221
20000,4.0,0.2286,71.3,0.00400603,109.63799999999999
630,7.3,0.2286,31.7,0.0132672,126.189
1000,4.0,0.2286,55.5,0.0042861999999999996,132.134
400,8.4,0.0508,55.5,0.00544854,121.58200000000001
630,8.9,0.1016,71.3,0.0103088,138.423
800,12.7,0.0254,39.6,0.013025299999999998,130.217
400,7.3,0.2286,39.6,0.0123481,132.039
400,5.4,0.1524,55.5,0.00433288,126.807
6300,5.4,0.1524,31.7,0.00525474,115.59100000000001
315,15.4,0.0508,39.6,0.0282593,124.493
630,6.7,0.1016,71.3,0.00478288,131.44799999999998
3150,22.2,0.0254,71.3,0.0214178,124.12700000000001
2500,17.4,0.0254,55.5,0.016570599999999998,124.931
6300,0.0,0.2286,39.6,0.00253511,117.465
1000,12.6,0.1524,39.6,0.058411300000000006,114.67
1250,8.4,0.0508,55.5,0.00544854,132.252
315,17.4,0.0254,39.6,0.0172206,115.14399999999999
400,17.4,0.0254,55.5,0.016570599999999998,115.461
1000,1.5,0.3048,71.3,0.00336729,125.992
500,7.3,0.2286,71.3,0.010440399999999999,136.798
5000,5.4,0.1524,39.6,0.00485029,117.037
10000,0.0,0.0254,39.6,0.00042846400000000004,133.376
4000,0.0,0.2286,55.5,0.00229336,123.41
6300,17.4,0.0254,71.3,0.016104,119.916
6300,4.2,0.0508,71.3,0.00142788,129.308
6300,2.7,0.1524,39.6,0.00294804,119.209
6300,3.3,0.1016,55.5,0.002211,123.839
800,12.6,0.1524,39.6,0.058411300000000006,116.56
1250,1.5,0.3048,39.6,0.00392107,125.211
500,6.7,0.1016,55.5,0.0052139,129.343
5000,4.8,0.0254,55.5,0.000873218,135.484
6300,15.4,0.0508,39.6,0.0282593,109.663
250,9.9,0.1524,39.6,0.0233328,128.335
630,6.7,0.1016,55.5,0.0052139,133.023
315,9.9,0.1524,71.3,0.019300099999999997,135.459
1600,4.8,0.0254,39.6,0.000907475,125.96600000000001
1600,8.9,0.1016,39.6,0.012459600000000001,123.82
2500,0.0,0.0254,31.7,0.000439472,132.89700000000002
630,2.0,0.2286,39.6,0.00346574,127.417
315,17.4,0.0254,71.3,0.016104,115.846
800,5.3,0.2286,71.3,0.0051942,133.48
3150,7.2,0.1524,39.6,0.00909175,111.818
1600,0.0,0.3048,71.3,0.00266337,127.59100000000001
4000,0.0,0.3048,71.3,0.00266337,123.061
10000,4.0,0.2286,71.3,0.00400603,113.10799999999999
1250,3.3,0.1016,39.6,0.00245138,133.211
800,19.7,0.0508,71.3,0.034118300000000004,124.555
1000,15.6,0.1016,71.3,0.0437259,124.43799999999999
400,0.0,0.2286,39.6,0.00253511,123.565
630,12.3,0.1016,39.6,0.0408268,121.315
12500,0.0,0.3048,55.5,0.00283081,111.07600000000001
400,9.5,0.0254,39.6,0.00449821,121.154
4000,11.2,0.0508,39.6,0.015047799999999998,115.52
250,9.9,0.1524,31.7,0.0252785,128.559
2000,9.9,0.1524,71.3,0.019300099999999997,120.779
1250,0.0,0.0508,39.6,0.000791822,129.148
5000,17.4,0.0254,71.3,0.016104,123.126
5000,7.2,0.1524,39.6,0.00909175,113.288
3150,0.0,0.0254,31.7,0.000439472,135.227
10000,2.0,0.2286,71.3,0.00293031,113.086
8000,0.0,0.3048,55.5,0.00283081,116.476
1600,4.0,0.2286,39.6,0.00473801,125.319
1000,5.4,0.1524,39.6,0.00485029,130.507
200,0.0,0.3048,31.7,0.00331266,117.195
4000,3.0,0.3048,71.3,0.00425727,120.264
800,4.0,0.2286,31.7,0.00509068,130.869
1250,0.0,0.3048,31.7,0.00331266,124.355
800,8.4,0.0508,55.5,0.00544854,128.562
6300,0.0,0.2286,55.5,0.00229336,118.41
3150,3.0,0.3048,55.5,0.00452492,120.189
1250,6.7,0.1016,39.6,0.00578076,132.395
12500,0.0,0.0508,71.3,0.000740478,125.22
4000,1.5,0.3048,71.3,0.00336729,121.762
4000,4.2,0.0508,71.3,0.00142788,133.59799999999998
4000,12.6,0.1524,39.6,0.058411300000000006,104.5
10000,0.0,0.3048,39.6,0.00310138,112.139
10000,0.0,0.1016,55.5,0.00131983,121.93
12500,2.7,0.1524,71.3,0.00243851,113.03399999999999
250,15.4,0.0508,71.3,0.0264269,124.835
315,17.4,0.0254,31.7,0.017663099999999998,118.416
2000,11.2,0.0508,39.6,0.015047799999999998,124.42
2500,15.6,0.1016,39.6,0.0528487,110.264
3150,2.7,0.1524,39.6,0.00294804,122.919
400,15.6,0.1016,71.3,0.0437259,134.058
2000,7.2,0.1524,71.3,0.00752039,128.643
12500,0.0,0.1524,71.3,0.0015988,117.087
4000,8.4,0.0508,55.5,0.00544854,122.61200000000001
10000,0.0,0.1016,39.6,0.00146332,119.561
2000,4.2,0.0508,71.3,0.00142788,129.84799999999998
250,19.7,0.0508,39.6,0.036483999999999996,127.22399999999999
4000,0.0,0.3048,31.7,0.00331266,118.145
250,15.4,0.0508,55.5,0.0271925,124.17
6300,1.5,0.3048,39.6,0.00392107,114.751
800,9.9,0.1524,39.6,0.0233328,126.345
5000,12.6,0.1524,71.3,0.0483159,108.03399999999999
6300,0.0,0.2286,71.3,0.00214345,122.044
3150,2.0,0.2286,39.6,0.00346574,121.62700000000001
400,12.6,0.1524,71.3,0.0483159,127.094
400,5.3,0.2286,71.3,0.0051942,127.7
5000,2.7,0.1524,71.3,0.00243851,124.36399999999999
2000,8.4,0.0508,55.5,0.00544854,133.042
1600,9.5,0.0254,55.5,0.0043284,133.062
2000,4.0,0.3048,39.6,0.00579636,120.963
500,4.8,0.0254,39.6,0.000907475,116.366
10000,3.0,0.3048,71.3,0.00425727,110.22399999999999
5000,0.0,0.3048,39.6,0.00310138,117.789
5000,15.4,0.0508,39.6,0.0282593,114.45299999999999
800,0.0,0.2286,55.5,0.00229336,127.53
2000,22.2,0.0254,39.6,0.022902799999999997,121.256
630,0.0,0.3048,31.7,0.00331266,129.095
1250,5.4,0.1524,71.3,0.00401199,134.111
1000,0.0,0.0254,31.7,0.000439472,125.12700000000001
5000,9.5,0.0254,71.3,0.00420654,131.186
250,15.4,0.0508,31.7,0.028985300000000002,121.225
2000,0.0,0.0508,39.6,0.000791822,132.918
2500,4.0,0.3048,39.6,0.00579636,120.23299999999999
4000,3.0,0.3048,39.6,0.00495741,116.792
8000,3.3,0.1016,39.6,0.00245138,118.09100000000001
400,1.5,0.3048,39.6,0.00392107,124.001
1000,22.2,0.0254,71.3,0.0214178,134.247
3150,3.0,0.3048,71.3,0.00425727,121.514
500,5.4,0.1524,71.3,0.00401199,126.291
6300,9.5,0.0254,31.7,0.00461377,120.726
10000,0.0,0.1524,55.5,0.00172668,119.25299999999999
2500,4.0,0.3048,71.3,0.00497773,123.775
1600,2.0,0.2286,71.3,0.00293031,127.796
4000,4.0,0.2286,71.3,0.00400603,121.728
1600,7.3,0.2286,31.7,0.0132672,119.039
5000,12.3,0.1016,31.7,0.0418756,107.147
1000,4.0,0.2286,39.6,0.00473801,129.969
500,3.0,0.3048,71.3,0.00425727,128.454
500,6.7,0.1016,39.6,0.00578076,130.955
800,0.0,0.0508,55.5,0.00076193,124.336
2000,12.7,0.0254,39.6,0.013025299999999998,129.567
2000,19.7,0.0508,71.3,0.034118300000000004,120.055
1600,3.0,0.3048,71.3,0.00425727,126.514
4000,7.3,0.2286,39.6,0.0123481,114.079
6300,1.5,0.3048,71.3,0.00336729,118.12200000000001
8000,3.3,0.1016,31.7,0.00251435,117.432
3150,22.2,0.0254,39.6,0.022902799999999997,120.85600000000001
630,6.7,0.1016,39.6,0.00578076,133.355
1250,4.0,0.2286,71.3,0.00400603,131.718
1600,6.7,0.1016,55.5,0.0052139,133.653
250,22.2,0.0254,39.6,0.022902799999999997,117.38600000000001
6300,0.0,0.0508,71.3,0.000740478,133.04
6300,5.3,0.2286,39.6,0.00614329,112.541
1600,0.0,0.2286,31.7,0.0027238,125.625
4000,0.0,0.1016,71.3,0.00121072,130.935
4000,2.0,0.2286,55.5,0.00313525,122.23200000000001
2500,4.0,0.2286,71.3,0.00400603,124.338
1600,3.0,0.3048,55.5,0.00452492,124.439
800,22.2,0.0254,71.3,0.0214178,123.227
4000,9.9,0.1524,39.6,0.0233328,112.265
2000,2.0,0.2286,71.3,0.00293031,126.896
2000,15.6,0.1016,39.6,0.0528487,110.89399999999999
200,9.5,0.0254,39.6,0.00449821,116.074
3150,1.5,0.3048,71.3,0.00336729,123.39200000000001
10000,1.5,0.3048,39.6,0.00392107,108.991
2000,3.3,0.1016,31.7,0.00251435,131.642
630,0.0,0.3048,39.6,0.00310138,128.629
800,9.5,0.0254,31.7,0.00461377,130.746
2500,7.3,0.2286,31.7,0.0132672,114.709
1250,7.3,0.2286,31.7,0.0132672,120.509
5000,0.0,0.0508,31.7,0.000812164,133.23
1250,12.6,0.1524,39.6,0.058411300000000006,112.16
315,15.4,0.0508,55.5,0.0271925,125.39
10000,12.7,0.0254,39.6,0.013025299999999998,116.01700000000001
200,15.4,0.0508,39.6,0.0282593,121.78299999999999
2500,4.8,0.0254,39.6,0.000907475,131.236
12500,1.5,0.3048,71.3,0.00336729,109.22200000000001
1000,1.5,0.3048,39.6,0.00392107,127.581
4000,3.3,0.1016,71.3,0.00202822,128.704
630,1.5,0.3048,39.6,0.00392107,128.311
2000,0.0,0.1524,71.3,0.0015988,128.64700000000002
2000,4.8,0.0254,39.6,0.000907475,128.916
200,9.9,0.1524,31.7,0.0252785,127.29899999999999
3150,0.0,0.0254,39.6,0.00042846400000000004,133.276
5000,9.5,0.0254,55.5,0.0043284,128.412
6300,7.3,0.2286,39.6,0.0123481,110.839
4000,0.0,0.0508,31.7,0.000812164,134.11
200,9.9,0.1524,55.5,0.0208438,131.955
1000,15.4,0.0508,55.5,0.0271925,130.4
630,15.4,0.0508,39.6,0.0282593,127.443
630,17.4,0.0254,31.7,0.017663099999999998,136.886
6300,7.3,0.2286,71.3,0.010440399999999999,115.818
630,3.3,0.1016,55.5,0.002211,126.59899999999999
6300,0.0,0.0254,55.5,0.00041229,136.10299999999998
630,12.7,0.0254,39.6,0.013025299999999998,128.86700000000002
2500,3.0,0.3048,71.3,0.00425727,124.024
8000,7.2,0.1524,71.3,0.00752039,113.333
630,19.7,0.0508,71.3,0.034118300000000004,128.365
3150,9.9,0.1524,31.7,0.0252785,112.209
315,19.7,0.0508,39.6,0.036483999999999996,129.864
6300,15.4,0.0508,31.7,0.028985300000000002,108.185
6300,0.0,0.3048,31.7,0.00331266,113.775
4000,2.0,0.2286,39.6,0.00346574,120.227
2500,4.2,0.0508,71.3,0.00142788,131.97799999999998
3150,9.5,0.0254,31.7,0.00461377,128.536
3150,0.0,0.2286,31.7,0.0027238,123.445
2500,0.0,0.2286,39.6,0.00253511,125.025
800,3.0,0.3048,31.7,0.00529514,128.708
1250,8.9,0.1016,39.6,0.012459600000000001,127.71
10000,5.3,0.2286,71.3,0.0051942,111.35
800,22.2,0.0254,39.6,0.022902799999999997,137.076
2000,3.0,0.3048,55.5,0.00452492,123.069
400,12.3,0.1016,55.5,0.0368233,136.414
2500,2.0,0.2286,71.3,0.00293031,127.006
800,12.3,0.1016,39.6,0.0408268,122.315
6300,4.8,0.0254,55.5,0.000873218,135.164
8000,0.0,0.3048,71.3,0.00266337,117.15100000000001
3150,7.3,0.2286,31.7,0.0132672,113.229
4000,12.7,0.0254,71.3,0.012180799999999999,131.808
200,12.6,0.1524,39.6,0.058411300000000006,114.75
8000,2.0,0.2286,71.3,0.00293031,115.99600000000001
5000,5.4,0.1524,31.7,0.00525474,115.691
200,7.3,0.2286,71.3,0.010440399999999999,138.75799999999998
2500,19.7,0.0508,39.6,0.036483999999999996,116.184
1250,17.4,0.0254,31.7,0.017663099999999998,128.306
1000,5.4,0.1524,55.5,0.00433288,132.127
5000,0.0,0.1016,31.7,0.00150092,124.39299999999999
4000,12.3,0.1016,39.6,0.0408268,110.905
4000,0.0,0.1524,71.3,0.0015988,128.857
6300,12.6,0.1524,39.6,0.058411300000000006,103.38
1000,8.9,0.1016,71.3,0.0103088,135.433
630,3.0,0.3048,31.7,0.00529514,128.69799999999998
1250,0.0,0.1524,31.7,0.00209405,131.467
500,9.5,0.0254,31.7,0.00461377,126.88600000000001
1250,0.0,0.0508,55.5,0.00076193,127.07600000000001
2000,8.9,0.1016,71.3,0.0103088,124.23299999999999
4000,0.0,0.0508,71.3,0.000740478,134.43
12500,2.7,0.1524,39.6,0.00294804,108.649
630,4.0,0.3048,39.6,0.00579636,131.07299999999998
1250,12.3,0.1016,39.6,0.0408268,121.165
630,12.6,0.1524,71.3,0.0483159,123.304
1250,19.7,0.0508,71.3,0.034118300000000004,121.485
2500,4.8,0.0254,31.7,0.0009307889999999999,132.588
10000,12.7,0.0254,71.3,0.012180799999999999,114.41799999999999
5000,15.4,0.0508,55.5,0.0271925,117.11
1250,15.6,0.1016,39.6,0.0528487,118.214
5000,0.0,0.3048,71.3,0.00266337,121.301
5000,0.0,0.1016,39.6,0.00146332,126.021
1000,9.9,0.1524,39.6,0.0233328,123.835
315,8.9,0.1016,39.6,0.012459600000000001,135.38
5000,4.0,0.2286,31.7,0.00509068,115.969
8000,4.2,0.0508,71.3,0.00142788,125.26799999999999
10000,0.0,0.0508,71.3,0.000740478,128.74
315,4.0,0.2286,39.6,0.00473801,122.229
8000,22.2,0.0254,71.3,0.0214178,121.65700000000001
500,17.4,0.0254,71.3,0.016104,119.806
1250,12.7,0.0254,71.3,0.012180799999999999,133.048
500,2.0,0.2286,55.5,0.00313525,124.69200000000001
5000,17.4,0.0254,55.5,0.016570599999999998,118.941
8000,5.3,0.2286,71.3,0.0051942,114.9
1600,9.5,0.0254,31.7,0.00461377,131.036
1600,15.4,0.0508,31.7,0.028985300000000002,121.485
400,3.0,0.3048,31.7,0.00529514,125.398
500,2.7,0.1524,39.6,0.00294804,121.009
3150,12.7,0.0254,39.6,0.013025299999999998,127.84700000000001
800,4.8,0.0254,39.6,0.000907475,120.766
250,15.6,0.1016,39.6,0.0528487,124.64399999999999
250,12.3,0.1016,55.5,0.0368233,133.29399999999998
400,7.3,0.2286,31.7,0.0132672,130.269
2000,2.7,0.1524,39.6,0.00294804,128.139
1600,17.4,0.0254,31.7,0.017663099999999998,126.846
5000,0.0,0.2286,39.6,0.00253511,122.175
3150,4.8,0.0254,39.6,0.000907475,133.436
315,0.0,0.2286,31.7,0.0027238,120.595
800,0.0,0.1016,31.7,0.00150092,129.053
3150,3.3,0.1016,71.3,0.00202822,132.114
5000,0.0,0.2286,55.5,0.00229336,122.41
315,1.5,0.3048,39.6,0.00392107,121.851
1600,3.0,0.3048,31.7,0.00529514,122.088
2500,8.4,0.0508,55.5,0.00544854,131.542
400,15.4,0.0508,39.6,0.0282593,125.353
4000,22.2,0.0254,39.6,0.022902799999999997,119.646
2500,9.9,0.1524,39.6,0.0233328,116.295
2500,17.4,0.0254,71.3,0.016104,126.74600000000001
630,5.4,0.1524,55.5,0.00433288,131.80700000000002
1000,15.4,0.0508,39.6,0.0282593,127.89299999999999
1600,3.0,0.3048,39.6,0.00495741,122.78200000000001
5000,9.5,0.0254,31.7,0.00461377,124.426
1250,8.4,0.0508,39.6,0.00566229,131.205
400,7.3,0.2286,55.5,0.011170600000000001,135.924
3150,5.3,0.2286,71.3,0.0051942,123.12
5000,0.0,0.1524,31.7,0.00209405,122.397
1000,3.3,0.1016,39.6,0.00245138,131.971
2500,0.0,0.1524,31.7,0.00209405,125.867
1250,3.3,0.1016,31.7,0.00251435,134.02200000000002
500,4.0,0.2286,31.7,0.00509068,128.939
4000,5.3,0.2286,39.6,0.00614329,115.801
1000,0.0,0.3048,71.3,0.00266337,125.20100000000001
500,5.3,0.2286,71.3,0.0051942,129.88
1600,15.4,0.0508,55.5,0.0271925,128.2
4000,8.4,0.0508,39.6,0.00566229,118.955
1600,12.3,0.1016,71.3,0.033779199999999995,124.74799999999999
3150,0.0,0.1524,55.5,0.00172668,127.75299999999999
6300,3.3,0.1016,39.6,0.00245138,120.851
2000,0.0,0.3048,31.7,0.00331266,122.375
1600,9.9,0.1524,71.3,0.019300099999999997,121.789
1250,3.3,0.1016,55.5,0.002211,132.769
6300,4.8,0.0254,31.7,0.0009307889999999999,132.898
4000,22.2,0.0254,71.3,0.0214178,123.917
12500,4.0,0.3048,71.3,0.00497773,107.405
4000,7.3,0.2286,31.7,0.0132672,112.639
10000,3.0,0.3048,55.5,0.00452492,112.169
6300,0.0,0.1016,31.7,0.00150092,124.25299999999999
1600,2.7,0.1524,39.6,0.00294804,130.049
400,11.2,0.0508,39.6,0.015047799999999998,130.67
630,12.6,0.1524,39.6,0.058411300000000006,116.55
4000,1.5,0.3048,39.6,0.00392107,117.741
3150,12.3,0.1016,39.6,0.0408268,113.055
1600,4.0,0.3048,39.6,0.00579636,123.213
1000,15.4,0.0508,71.3,0.0264269,131.865
4000,4.8,0.0254,71.3,0.000848633,134.928
1000,4.2,0.0508,39.6,0.00152689,125.647
1600,7.3,0.2286,55.5,0.011170600000000001,123.354
3150,2.0,0.2286,71.3,0.00293031,126.116
2000,1.5,0.3048,71.3,0.00336729,126.64200000000001
3150,8.4,0.0508,71.3,0.00529514,131.966
1000,3.0,0.3048,39.6,0.00495741,128.312
800,4.0,0.2286,71.3,0.00400603,130.688
12500,4.8,0.0254,55.5,0.000873218,125.094
5000,4.0,0.2286,55.5,0.0042861999999999996,120.03399999999999
2000,12.3,0.1016,31.7,0.0418756,110.447
400,17.4,0.0254,71.3,0.016104,117.396
800,0.0,0.1524,31.7,0.00209405,129.11700000000002
6300,0.0,0.1016,55.5,0.00131983,127.73
800,8.4,0.0508,31.7,0.00580776,128.246
1250,5.3,0.2286,71.3,0.0051942,133.38
8000,0.0,0.1524,39.6,0.00193287,120.553
315,15.6,0.1016,39.6,0.0528487,122.75399999999999
2500,4.0,0.2286,39.6,0.00473801,119.649
200,7.3,0.2286,39.6,0.0123481,130.989
2000,4.0,0.3048,71.3,0.00497773,124.395
200,0.0,0.3048,39.6,0.00310138,118.12899999999999
2500,2.7,0.1524,71.3,0.00243851,128.334
5000,0.0,0.2286,71.3,0.00214345,124.304
3150,0.0,0.0254,55.5,0.00041229,130.503
250,12.3,0.1016,39.6,0.0408268,129.675
3150,19.7,0.0508,71.3,0.034118300000000004,116.225
800,6.7,0.1016,39.6,0.00578076,134.625
6300,4.0,0.3048,71.3,0.00497773,116.165
4000,4.0,0.3048,71.3,0.00497773,119.535
1250,9.9,0.1524,55.5,0.0208438,121.635
250,4.0,0.3048,39.6,0.00579636,123.54299999999999
4000,2.7,0.1524,71.3,0.00243851,126.53399999999999
800,15.6,0.1016,71.3,0.0437259,124.18799999999999
400,17.4,0.0254,39.6,0.0172206,115.444
2500,15.4,0.0508,39.6,0.0282593,122.413
3150,0.0,0.1524,39.6,0.00193287,125.603
800,19.7,0.0508,39.6,0.036483999999999996,119.17399999999999
5000,1.5,0.3048,71.3,0.00336729,119.632
1600,3.3,0.1016,31.7,0.00251435,133.40200000000002
1250,5.4,0.1524,31.7,0.00525474,123.991
800,0.0,0.0508,39.6,0.000791822,126.508
4000,9.9,0.1524,55.5,0.0208438,112.945
315,11.2,0.0508,71.3,0.014072,128.381
1250,0.0,0.2286,31.7,0.0027238,128.805
5000,0.0,0.0508,71.3,0.000740478,134.43
315,0.0,0.2286,39.6,0.00253511,121.055
1250,4.0,0.3048,71.3,0.00497773,129.395
1250,3.0,0.3048,39.6,0.00495741,125.802
2000,9.5,0.0254,31.7,0.00461377,130.496
2000,0.0,0.2286,39.6,0.00253511,125.305
630,22.2,0.0254,39.6,0.022902799999999997,137.026
250,19.7,0.0508,71.3,0.034118300000000004,119.115
4000,4.0,0.3048,39.6,0.00579636,115.863
4000,0.0,0.3048,39.6,0.00310138,119.229
200,12.6,0.1524,71.3,0.0483159,128.35399999999998
6300,3.0,0.3048,71.3,0.00425727,116.134
2000,0.0,0.3048,39.6,0.00310138,123.689
400,5.4,0.1524,39.6,0.00485029,127.637
4000,12.3,0.1016,71.3,0.033779199999999995,118.01799999999999
800,0.0,0.1016,39.6,0.00146332,128.401
400,12.3,0.1016,39.6,0.0408268,128.265
500,0.0,0.1524,39.6,0.00193287,119.51299999999999
630,0.0,0.1524,55.5,0.00172668,123.583
630,15.4,0.0508,55.5,0.0271925,129.33
200,19.7,0.0508,39.6,0.036483999999999996,125.97399999999999
6300,0.0,0.3048,55.5,0.00283081,117.976
5000,4.8,0.0254,71.3,0.000848633,135.468
2500,6.7,0.1016,71.3,0.00478288,131.458
1600,1.5,0.3048,71.3,0.00336729,126.632
8000,15.4,0.0508,71.3,0.0264269,112.675
800,6.7,0.1016,71.3,0.00478288,134.47799999999998
2000,5.3,0.2286,71.3,0.0051942,125.89
3150,0.0,0.1524,31.7,0.00209405,124.20700000000001
2000,11.2,0.0508,71.3,0.014072,133.311
10000,3.3,0.1016,55.5,0.002211,115.65899999999999
2000,5.3,0.2286,39.6,0.00614329,117.911
8000,0.0,0.0508,71.3,0.000740478,130.89
1600,12.6,0.1524,39.6,0.058411300000000006,110.78
250,15.6,0.1016,71.3,0.0437259,132.158
1000,0.0,0.1524,71.3,0.0015988,127.307
2000,2.0,0.2286,55.5,0.00313525,124.61200000000001
8000,1.5,0.3048,71.3,0.00336729,115.37200000000001
4000,15.4,0.0508,39.6,0.0282593,118.113
800,0.0,0.2286,31.7,0.0027238,130.725
1000,7.3,0.2286,31.7,0.0132672,119.09899999999999
800,7.3,0.2286,71.3,0.010440399999999999,130.748
250,7.2,0.1524,39.6,0.00909175,127.488
500,4.0,0.3048,39.6,0.00579636,130.173
1600,0.0,0.3048,55.5,0.00283081,126.986
3150,3.3,0.1016,55.5,0.002211,130.629
800,9.5,0.0254,71.3,0.00420654,127.206
5000,4.0,0.2286,39.6,0.00473801,117.649
6300,4.8,0.0254,39.6,0.000907475,134.336
2500,15.4,0.0508,71.3,0.0264269,127.625
315,7.2,0.1524,71.3,0.00752039,128.713
5000,0.0,0.3048,31.7,0.00331266,115.645
5000,0.0,0.1016,55.5,0.00131983,128.36
500,2.0,0.2286,39.6,0.00346574,125.15700000000001
400,22.2,0.0254,71.3,0.0214178,117.927
500,15.4,0.0508,71.3,0.0264269,127.285
1250,17.4,0.0254,39.6,0.0172206,131.364
200,12.3,0.1016,71.3,0.033779199999999995,130.588
2000,2.0,0.2286,39.6,0.00346574,122.79700000000001
1250,0.0,0.3048,39.6,0.00310138,125.499
315,9.9,0.1524,39.6,0.0233328,128.595
800,6.7,0.1016,55.5,0.0052139,135.953
2000,9.5,0.0254,39.6,0.00449821,131.274
8000,0.0,0.0254,55.5,0.00041229,136.16299999999998
1000,0.0,0.0508,55.5,0.00076193,125.586
3150,0.0,0.2286,71.3,0.00214345,127.834
315,15.4,0.0508,31.7,0.028985300000000002,122.845
1600,0.0,0.1524,71.3,0.0015988,129.667
6300,9.9,0.1524,39.6,0.0233328,109.885
8000,0.0,0.0508,39.6,0.000791822,128.518
1000,6.7,0.1016,55.5,0.0052139,137.233
2000,0.0,0.0508,71.3,0.000740478,131.06
1000,7.3,0.2286,55.5,0.011170600000000001,125.194
2000,8.4,0.0508,39.6,0.00566229,129.965
800,7.2,0.1524,39.6,0.00909175,132.358
800,3.0,0.3048,55.5,0.00452492,129.94899999999998
3150,7.3,0.2286,55.5,0.011170600000000001,117.134
800,12.3,0.1016,55.5,0.0368233,125.11399999999999
16000,0.0,0.0254,71.3,0.00040068199999999997,130.477
2500,7.2,0.1524,71.3,0.00752039,124.353
3150,12.3,0.1016,55.5,0.0368233,116.914
3150,1.5,0.3048,39.6,0.00392107,119.111
1250,11.2,0.0508,71.3,0.014072,136.191
2000,0.0,0.1016,31.7,0.00150092,133.153
2500,12.3,0.1016,55.5,0.0368233,117.054
1600,0.0,0.0508,39.6,0.000791822,130.908
630,0.0,0.1524,31.7,0.00209405,125.99700000000001
12500,0.0,0.3048,71.3,0.00266337,112.241
1000,7.3,0.2286,71.3,0.010440399999999999,126.838
315,2.0,0.2286,31.7,0.00372371,120.147
5000,9.9,0.1524,31.7,0.0252785,109.949
1250,22.2,0.0254,39.6,0.022902799999999997,126.446
4000,8.9,0.1016,39.6,0.012459600000000001,116.22
4000,9.9,0.1524,31.7,0.0252785,111.459
2500,11.2,0.0508,71.3,0.014072,130.541
630,4.0,0.3048,71.3,0.00497773,131.615
2000,15.4,0.0508,55.5,0.0271925,127.04
3150,17.4,0.0254,39.6,0.0172206,123.564
400,2.0,0.2286,55.5,0.00313525,122.292
1250,4.0,0.2286,39.6,0.00473801,128.339
250,12.3,0.1016,71.3,0.033779199999999995,131.56799999999998
5000,4.8,0.0254,39.6,0.000907475,135.42600000000002
2000,2.7,0.1524,71.3,0.00243851,130.114
16000,4.8,0.0254,71.3,0.000848633,124.208
2500,0.0,0.0508,31.7,0.000812164,134.87
630,3.3,0.1016,39.6,0.00245138,127.251
10000,0.0,0.0508,39.6,0.000791822,125.99799999999999
4000,3.3,0.1016,55.5,0.002211,127.229
8000,2.7,0.1524,71.3,0.00243851,120.53399999999999
4000,0.0,0.3048,55.5,0.00283081,121.10600000000001
4000,4.0,0.2286,31.7,0.00509068,118.859
2500,0.0,0.1016,39.6,0.00146332,132.611
4000,4.0,0.2286,39.6,0.00473801,119.15899999999999
2000,7.3,0.2286,39.6,0.0123481,117.809
2000,0.0,0.1524,55.5,0.00172668,129.673
630,0.0,0.2286,39.6,0.00253511,128.705
2000,15.4,0.0508,39.6,0.0282593,123.443
3150,17.4,0.0254,31.7,0.017663099999999998,123.46600000000001
6300,4.8,0.0254,71.3,0.000848633,134.498
500,12.3,0.1016,31.7,0.0418756,118.667
8000,1.5,0.3048,39.6,0.00392107,112.251
3150,4.8,0.0254,71.3,0.000848633,133.378
800,9.5,0.0254,55.5,0.0043284,128.082
3150,9.5,0.0254,39.6,0.00449821,129.934
500,12.6,0.1524,71.3,0.0483159,121.664
2000,0.0,0.0254,31.7,0.000439472,130.697
5000,3.0,0.3048,31.7,0.00529514,113.85799999999999
5000,3.3,0.1016,71.3,0.00202822,127.054
4000,15.6,0.1016,39.6,0.0528487,106.604
2000,4.2,0.0508,39.6,0.00152689,132.58700000000002
6300,5.4,0.1524,39.6,0.00485029,116.677
2500,12.6,0.1524,71.3,0.0483159,115.234
3150,0.0,0.1016,55.5,0.00131983,131.78
1250,0.0,0.1524,39.6,0.00193287,131.023
1600,5.4,0.1524,55.5,0.00433288,130.567
2000,8.4,0.0508,71.3,0.00529514,134.476
1000,2.7,0.1524,71.3,0.00243851,128.774
630,9.9,0.1524,71.3,0.019300099999999997,129.889
250,12.7,0.0254,71.3,0.012180799999999999,119.698
4000,3.3,0.1016,31.7,0.00251435,124.852
2500,4.2,0.0508,39.6,0.00152689,133.847
1250,3.0,0.3048,55.5,0.00452492,127.329
1600,0.0,0.0508,55.5,0.00076193,128.576
250,9.5,0.0254,39.6,0.00449821,116.92399999999999
500,8.4,0.0508,31.7,0.00580776,122.96600000000001
2500,3.0,0.3048,55.5,0.00452492,122.439
3150,9.9,0.1524,55.5,0.0208438,115.085
1000,9.9,0.1524,71.3,0.019300099999999997,126.34899999999999
4000,5.3,0.2286,71.3,0.0051942,120.33
5000,2.0,0.2286,55.5,0.00313525,120.47200000000001
2500,9.9,0.1524,55.5,0.0208438,118.365
315,19.7,0.0508,71.3,0.034118300000000004,121.235
1000,8.4,0.0508,39.6,0.00566229,130.195
3150,11.2,0.0508,39.6,0.015047799999999998,119.67
12500,0.0,0.3048,39.6,0.00310138,109.619
10000,0.0,0.1016,31.7,0.00150092,115.89299999999999
12500,0.0,0.0254,39.6,0.00042846400000000004,129.116
1250,15.4,0.0508,71.3,0.0264269,130.845
8000,0.0,0.0508,31.7,0.000812164,126.59
6300,15.6,0.1016,39.6,0.0528487,104.204
2500,0.0,0.3048,71.3,0.00266337,125.571
10000,0.0,0.0254,31.7,0.000439472,134.227
8000,3.3,0.1016,71.3,0.00202822,121.234
1600,2.0,0.2286,55.5,0.00313525,126.75200000000001
800,17.4,0.0254,39.6,0.0172206,135.32399999999998
800,6.7,0.1016,31.7,0.00592927,132.886
800,7.3,0.2286,31.7,0.0132672,123.209
8000,0.0,0.0254,31.7,0.000439472,137.207
4000,9.5,0.0254,55.5,0.0043284,131.582
2500,8.4,0.0508,31.7,0.00580776,125.57600000000001
6300,3.3,0.1016,31.7,0.00251435,120.70200000000001
2000,4.0,0.2286,71.3,0.00400603,126.21799999999999
4000,17.4,0.0254,55.5,0.016570599999999998,121.771
16000,4.0,0.2286,71.3,0.00400603,112.76799999999999
2000,3.0,0.3048,31.7,0.00529514,120.088
1600,5.4,0.1524,39.6,0.00485029,126.26700000000001
400,0.0,0.3048,31.7,0.00331266,125.045
2000,17.4,0.0254,55.5,0.016570599999999998,125.26100000000001
1250,0.0,0.0508,71.3,0.000740478,128.56
1000,8.4,0.0508,31.7,0.00580776,129.516
500,12.7,0.0254,71.3,0.012180799999999999,126.898
1000,0.0,0.1524,55.5,0.00172668,128.583
2000,0.0,0.0254,55.5,0.00041229,127.62299999999999
1600,9.9,0.1524,55.5,0.0208438,119.875
2000,7.3,0.2286,71.3,0.010440399999999999,122.708
800,2.7,0.1524,71.3,0.00243851,127.39399999999999
1250,4.0,0.2286,55.5,0.0042861999999999996,131.264
2000,0.0,0.3048,55.5,0.00283081,126.616
1250,9.9,0.1524,31.7,0.0252785,118.619
1000,0.0,0.3048,39.6,0.00310138,127.899
250,15.4,0.0508,39.6,0.0282593,122.89299999999999
3150,8.4,0.0508,39.6,0.00566229,123.965
1250,6.7,0.1016,71.3,0.00478288,137.658
315,7.3,0.2286,55.5,0.011170600000000001,136.284
400,15.4,0.0508,31.7,0.028985300000000002,123.705
8000,2.7,0.1524,39.6,0.00294804,116.65899999999999
5000,0.0,0.0508,39.6,0.000791822,134.308
2500,9.5,0.0254,71.3,0.00420654,135.95600000000002
800,2.0,0.2286,71.3,0.00293031,128.216
8000,12.7,0.0254,71.3,0.012180799999999999,120.538
10000,4.2,0.0508,71.3,0.00142788,121.238
2000,0.0,0.1524,39.6,0.00193287,129.63299999999998
6300,3.0,0.3048,31.7,0.00529514,109.71799999999999
2500,0.0,0.0254,71.3,0.00040068199999999997,133.707
4000,11.2,0.0508,71.3,0.014072,122.471
6300,7.2,0.1524,39.6,0.00909175,112.68799999999999
1600,9.9,0.1524,31.7,0.0252785,117.119
500,5.4,0.1524,39.6,0.00485029,129.937
500,12.3,0.1016,55.5,0.0368233,133.774
1250,0.0,0.3048,55.5,0.00283081,126.086
400,3.0,0.3048,39.6,0.00495741,125.47200000000001
2000,15.4,0.0508,31.7,0.028985300000000002,120.835
16000,0.0,0.0254,55.5,0.00041229,125.68299999999999
6300,12.3,0.1016,31.7,0.0418756,107.26700000000001
2500,0.0,0.2286,71.3,0.00214345,128.35399999999998
2500,12.7,0.0254,39.6,0.013025299999999998,129.02700000000002
16000,0.0,0.0254,39.6,0.00042846400000000004,124.986
1600,12.3,0.1016,31.7,0.0418756,114.477
630,0.0,0.1016,55.5,0.00131983,126.17
4000,7.2,0.1524,71.3,0.00752039,119.34299999999999
1250,4.0,0.3048,39.6,0.00579636,126.34299999999999
1000,4.0,0.2286,71.3,0.00400603,131.708
10000,0.0,0.1524,39.6,0.00193287,115.413
800,3.3,0.1016,71.3,0.00202822,131.07399999999998
2000,3.3,0.1016,39.6,0.00245138,132.30100000000002
630,0.0,0.1016,71.3,0.00121072,124.155
3150,2.7,0.1524,71.3,0.00243851,127.054
630,9.5,0.0254,55.5,0.0043284,125.45200000000001
4000,0.0,0.1524,55.5,0.00172668,127.23299999999999
400,4.0,0.3048,71.3,0.00497773,129.575
250,17.4,0.0254,31.7,0.017663099999999998,116.956
1000,0.0,0.3048,55.5,0.00283081,126.96600000000001
1250,9.5,0.0254,55.5,0.0043284,132.202
1600,5.4,0.1524,71.3,0.00401199,133.241
5000,9.9,0.1524,55.5,0.0208438,112.065
500,22.2,0.0254,39.6,0.022902799999999997,129.776
2500,4.8,0.0254,55.5,0.000873218,129.144
2000,0.0,0.1016,55.5,0.00131983,132.54
3150,19.7,0.0508,39.6,0.036483999999999996,113.00399999999999
1250,12.3,0.1016,55.5,0.0368233,124.214
6300,2.0,0.2286,39.6,0.00346574,116.417
800,8.4,0.0508,71.3,0.00529514,127.556
4000,0.0,0.2286,39.6,0.00253511,123.465
10000,0.0,0.3048,55.5,0.00283081,113.07600000000001
200,7.3,0.2286,31.7,0.0132672,128.679
5000,15.6,0.1016,39.6,0.0528487,106.22399999999999
400,0.0,0.2286,31.7,0.0027238,123.635
1600,0.0,0.3048,39.6,0.00310138,124.04899999999999
12500,0.0,0.0508,55.5,0.00076193,125.376
800,4.8,0.0254,31.7,0.0009307889999999999,122.648
800,0.0,0.1524,55.5,0.00172668,126.713
630,0.0,0.1016,31.7,0.00150092,126.413
315,15.6,0.1016,71.3,0.0437259,133.808
2500,9.9,0.1524,31.7,0.0252785,114.729
500,8.9,0.1016,71.3,0.0103088,138.523
2500,9.9,0.1524,71.3,0.019300099999999997,119.639
1600,3.3,0.1016,71.3,0.00202822,133.664
2500,22.2,0.0254,71.3,0.0214178,126.09700000000001
3150,17.4,0.0254,71.3,0.016104,126.536
12500,0.0,0.1016,71.3,0.00121072,119.375
1600,6.7,0.1016,39.6,0.00578076,127.375
1600,8.4,0.0508,71.3,0.00529514,133.846
800,4.0,0.3048,71.3,0.00497773,131.755
1600,19.7,0.0508,39.6,0.036483999999999996,117.604
1000,17.4,0.0254,39.6,0.0172206,138.274
800,8.4,0.0508,39.6,0.00566229,128.435
2000,0.0,0.1016,39.6,0.00146332,133.251
1600,15.4,0.0508,71.3,0.0264269,130.065
3150,15.4,0.0508,39.6,0.0282593,120.51299999999999
4000,3.0,0.3048,31.7,0.00529514,115.60799999999999
2000,6.7,0.1016,31.7,0.00592927,120.446
8000,0.0,0.1524,31.7,0.00209405,117.95700000000001
1000,12.7,0.0254,39.6,0.013025299999999998,130.947
2500,0.0,0.1016,55.5,0.00131983,133.04
2000,3.0,0.3048,71.3,0.00425727,125.524
1000,5.4,0.1524,31.7,0.00525474,128.241
10000,3.3,0.1016,39.6,0.00245138,115.321
6300,12.7,0.0254,39.6,0.013025299999999998,123.177
800,0.0,0.3048,31.7,0.00331266,129.235
3150,3.0,0.3048,31.7,0.00529514,118.10799999999999
5000,7.3,0.2286,71.3,0.010440399999999999,115.29799999999999
200,12.3,0.1016,31.7,0.0418756,124.98700000000001
1600,0.0,0.2286,55.5,0.00229336,126.79
2500,12.3,0.1016,71.3,0.033779199999999995,121.318
2500,12.7,0.0254,71.3,0.012180799999999999,134.058
6300,0.0,0.3048,71.3,0.00266337,119.541
12500,4.8,0.0254,71.3,0.000848633,127.68799999999999
1000,6.7,0.1016,71.3,0.00478288,136.75799999999998
1600,9.5,0.0254,71.3,0.00420654,133.756
6300,7.3,0.2286,31.7,0.0132672,110.689
5000,2.0,0.2286,71.3,0.00293031,122.816
2500,15.4,0.0508,55.5,0.0271925,125.63
2000,3.3,0.1016,55.5,0.002211,133.649
3150,15.4,0.0508,71.3,0.0264269,125.715
1000,12.3,0.1016,71.3,0.033779199999999995,127.928
4000,7.2,0.1524,39.6,0.00909175,114.258
315,4.0,0.2286,31.7,0.00509068,123.609
4000,0.0,0.1016,31.7,0.00150092,126.93299999999999
1250,2.0,0.2286,55.5,0.00313525,128.762
2500,3.0,0.3048,31.7,0.00529514,119.598
1600,0.0,0.1524,55.5,0.00172668,130.183
3150,9.9,0.1524,71.3,0.019300099999999997,116.84899999999999
200,15.6,0.1016,39.6,0.0528487,123.514
500,12.3,0.1016,71.3,0.033779199999999995,140.158
4000,5.4,0.1524,71.3,0.00401199,121.431
2500,15.4,0.0508,31.7,0.028985300000000002,119.945
1600,0.0,0.1524,39.6,0.00193287,131.013
2500,6.7,0.1016,55.5,0.0052139,124.273
1250,17.4,0.0254,55.5,0.016570599999999998,129.30100000000002
1000,3.0,0.3048,31.7,0.00529514,126.838
4000,7.3,0.2286,71.3,0.010440399999999999,119.208
1000,19.7,0.0508,39.6,0.036483999999999996,118.904
6300,8.9,0.1016,39.6,0.012459600000000001,113.11
6300,9.9,0.1524,55.5,0.0208438,110.555
8000,0.0,0.1524,71.3,0.0015988,122.527
5000,4.0,0.3048,39.6,0.00579636,113.73299999999999
250,17.4,0.0254,71.3,0.016104,113.796
200,22.2,0.0254,39.6,0.022902799999999997,116.066
6300,7.2,0.1524,71.3,0.00752039,116.603
500,3.0,0.3048,31.7,0.00529514,127.54799999999999
1000,0.0,0.0508,39.6,0.000791822,127.63799999999999
20000,0.0,0.0254,55.5,0.00041229,121.93299999999999
12500,0.0,0.2286,71.3,0.00214345,117.624
6300,15.4,0.0508,71.3,0.0264269,115.215
2500,2.0,0.2286,39.6,0.00346574,121.397
2500,2.0,0.2286,31.7,0.00372371,121.40700000000001
2000,6.7,0.1016,39.6,0.00578076,122.235
2500,7.3,0.2286,71.3,0.010440399999999999,122.088
5000,3.0,0.3048,55.5,0.00452492,117.309
4000,17.4,0.0254,31.7,0.017663099999999998,121.99600000000001
500,0.0,0.2286,55.5,0.00229336,123.78
1600,8.4,0.0508,31.7,0.00580776,129.296
1000,2.0,0.2286,71.3,0.00293031,128.95600000000002
200,12.3,0.1016,55.5,0.0368233,132.304
315,12.3,0.1016,71.3,0.033779199999999995,137.06799999999998
1000,17.4,0.0254,71.3,0.016104,125.816
2500,5.3,0.2286,39.6,0.00614329,116.15100000000001
2500,3.3,0.1016,39.6,0.00245138,130.791
200,11.2,0.0508,39.6,0.015047799999999998,125.01
1000,0.0,0.2286,39.6,0.00253511,130.435
4000,9.9,0.1524,71.3,0.019300099999999997,115.079
1250,0.0,0.3048,71.3,0.00266337,125.95100000000001
500,3.0,0.3048,55.5,0.00452492,128.179
800,12.6,0.1524,71.3,0.0483159,123.054
1600,12.3,0.1016,55.5,0.0368233,121.824
500,19.7,0.0508,39.6,0.036483999999999996,128.444
800,3.3,0.1016,39.6,0.00245138,129.991
8000,0.0,0.1016,31.7,0.00150092,120.193
1250,6.7,0.1016,55.5,0.0052139,136.88299999999998
500,7.3,0.2286,31.7,0.0132672,128.16899999999998
1250,12.7,0.0254,39.6,0.013025299999999998,130.77700000000002
1250,0.0,0.1016,55.5,0.00131983,131.43
400,9.9,0.1524,39.6,0.0233328,128.345
1600,6.7,0.1016,31.7,0.00592927,124.346
1600,0.0,0.1016,55.5,0.00131983,132.05
1000,3.3,0.1016,31.7,0.00251435,133.012
630,4.0,0.2286,55.5,0.0042861999999999996,129.964
500,9.9,0.1524,55.5,0.0208438,127.815
250,12.6,0.1524,39.6,0.058411300000000006,115.89
1000,0.0,0.1016,31.7,0.00150092,131.313
2500,0.0,0.0254,55.5,0.00041229,130.07299999999998
10000,7.2,0.1524,39.6,0.00909175,110.868
500,9.9,0.1524,71.3,0.019300099999999997,131.279
800,3.3,0.1016,55.5,0.002211,129.119
5000,0.0,0.1016,71.3,0.00121072,130.795
1000,12.3,0.1016,31.7,0.0418756,119.777
800,0.0,0.1016,55.5,0.00131983,127.92
1600,8.9,0.1016,71.3,0.0103088,128.763
8000,4.2,0.0508,39.6,0.00152689,120.397
250,9.9,0.1524,55.5,0.0208438,133.235
8000,4.8,0.0254,71.3,0.000848633,131.518
800,5.4,0.1524,55.5,0.00433288,133.097
630,9.9,0.1524,31.7,0.0252785,126.04899999999999
3150,5.4,0.1524,39.6,0.00485029,119.137
4000,9.5,0.0254,31.7,0.00461377,126.736
12500,0.0,0.1016,55.5,0.00131983,119.91
500,17.4,0.0254,39.6,0.0172206,117.514
16000,2.7,0.1524,71.3,0.00243851,110.36399999999999
1250,9.5,0.0254,71.3,0.00420654,131.656
400,5.4,0.1524,71.3,0.00401199,124.12100000000001
200,17.4,0.0254,31.7,0.017663099999999998,116.146
10000,0.0,0.0508,55.5,0.00076193,127.63600000000001
3150,8.9,0.1016,71.3,0.0103088,123.26299999999999
630,0.0,0.1524,39.6,0.00193287,124.40299999999999
12500,1.5,0.3048,39.6,0.00392107,106.111
3150,4.8,0.0254,55.5,0.000873218,132.35399999999998
4000,5.4,0.1524,55.5,0.00433288,119.73700000000001
8000,0.0,0.1016,55.5,0.00131983,124.45
2500,0.0,0.0508,55.5,0.00076193,133.95600000000002
1600,11.2,0.0508,39.6,0.015047799999999998,126.54
800,15.4,0.0508,55.5,0.0271925,130.43
4000,4.8,0.0254,39.6,0.000907475,134.996
1250,0.0,0.2286,55.5,0.00229336,127.91
400,7.3,0.2286,71.3,0.010440399999999999,139.438
6300,4.2,0.0508,39.6,0.00152689,125.71700000000001
315,15.4,0.0508,71.3,0.0264269,126.195
1250,7.3,0.2286,71.3,0.010440399999999999,127.35799999999999
1600,0.0,0.0508,31.7,0.000812164,131.01
315,8.9,0.1016,71.3,0.0103088,136.583
1000,0.0,0.1016,71.3,0.00121072,128.825
20000,4.8,0.0254,55.5,0.000873218,121.28399999999999
5000,9.9,0.1524,71.3,0.019300099999999997,114.569
315,7.2,0.1524,39.6,0.00909175,130.558
4000,19.7,0.0508,39.6,0.036483999999999996,108.684
1000,0.0,0.0508,71.3,0.000740478,129.45
1000,9.9,0.1524,31.7,0.0252785,122.149
630,3.0,0.3048,71.3,0.00425727,129.35399999999998
4000,8.4,0.0508,71.3,0.00529514,126.926
250,7.3,0.2286,55.5,0.011170600000000001,136.384
1600,0.0,0.1524,31.7,0.00209405,130.817
1000,9.5,0.0254,55.5,0.0043284,130.332
630,9.5,0.0254,71.3,0.00420654,125.726
3150,15.4,0.0508,31.7,0.028985300000000002,118.045
3150,4.2,0.0508,71.3,0.00142788,133.72799999999998
315,0.0,0.2286,55.5,0.00229336,119.54
2000,3.0,0.3048,39.6,0.00495741,120.53200000000001
3150,4.8,0.0254,31.7,0.0009307889999999999,134.268
3150,0.0,0.3048,39.6,0.00310138,120.319
1600,4.8,0.0254,55.5,0.000873218,121.47399999999999
500,0.0,0.2286,31.7,0.0027238,126.675
630,5.3,0.2286,39.6,0.00614329,132.011
800,2.0,0.2286,31.7,0.00372371,130.30700000000002
4000,7.3,0.2286,55.5,0.011170600000000001,117.28399999999999
315,7.3,0.2286,71.3,0.010440399999999999,139.808
4000,5.4,0.1524,31.7,0.00525474,116.181
8000,17.4,0.0254,71.3,0.016104,115.46600000000001
800,9.5,0.0254,39.6,0.00449821,129.014
400,9.9,0.1524,55.5,0.0208438,131.605
800,17.4,0.0254,71.3,0.016104,124.27600000000001
315,6.7,0.1016,31.7,0.00592927,126.266
6300,2.7,0.1524,71.3,0.00243851,121.944
10000,0.0,0.3048,31.7,0.00331266,108.265
630,0.0,0.3048,55.5,0.00283081,127.696
250,17.4,0.0254,39.6,0.0172206,114.714
4000,9.5,0.0254,71.3,0.00420654,134.236
4000,0.0,0.1524,39.6,0.00193287,125.34299999999999
800,5.3,0.2286,39.6,0.00614329,129.491
1250,0.0,0.2286,71.3,0.00214345,128.144
800,0.0,0.0508,31.7,0.000812164,122.79
500,0.0,0.2286,39.6,0.00253511,126.195
3150,4.2,0.0508,39.6,0.00152689,133.58700000000002
3150,9.5,0.0254,55.5,0.0043284,133.252
2000,15.4,0.0508,71.3,0.0264269,129.285
2000,4.0,0.2286,39.6,0.00473801,121.65899999999999
2500,12.6,0.1524,39.6,0.058411300000000006,106.88
4000,2.0,0.2286,31.7,0.00372371,120.527
20000,4.8,0.0254,71.3,0.000848633,119.708
4000,0.0,0.1016,39.6,0.00146332,127.801
1250,0.0,0.1524,71.3,0.0015988,128.92700000000002
3150,15.6,0.1016,39.6,0.0528487,109.25399999999999
3150,8.4,0.0508,55.5,0.00544854,128.40200000000002
6300,2.0,0.2286,55.5,0.00313525,118.712
1600,0.0,0.0254,31.7,0.000439472,129.267
400,0.0,0.2286,55.5,0.00229336,121.66
1000,4.0,0.3048,71.3,0.00497773,131.015
2500,0.0,0.0508,71.3,0.000740478,131.31
3150,7.3,0.2286,71.3,0.010440399999999999,120.458
2000,12.6,0.1524,71.3,0.0483159,117.50399999999999
250,12.7,0.0254,39.6,0.013025299999999998,121.54700000000001
6300,5.4,0.1524,55.5,0.00433288,117.287
630,12.3,0.1016,71.3,0.033779199999999995,135.368
4000,4.8,0.0254,55.5,0.000873218,133.924
10000,4.8,0.0254,55.5,0.000873218,126.944
400,12.3,0.1016,71.3,0.033779199999999995,139.428
1250,9.5,0.0254,31.7,0.00461377,131.446
1000,0.0,0.2286,55.5,0.00229336,128.29
800,0.0,0.3048,39.6,0.00310138,129.099
12500,0.0,0.0508,31.7,0.000812164,119.07
6300,0.0,0.1524,31.7,0.00209405,119.73700000000001
630,15.6,0.1016,71.3,0.0437259,122.288
5000,8.9,0.1016,71.3,0.0103088,116.723
5000,1.5,0.3048,39.6,0.00392107,116.241
1000,6.7,0.1016,39.6,0.00578076,134.515
3150,15.4,0.0508,55.5,0.0271925,123.46
5000,5.4,0.1524,55.5,0.00433288,118.757
500,6.7,0.1016,31.7,0.00592927,130.20600000000002
1600,4.2,0.0508,71.3,0.00142788,124.318
6300,0.0,0.2286,31.7,0.0027238,116.815
500,0.0,0.3048,55.5,0.00283081,126.416
400,4.0,0.2286,55.5,0.0042861999999999996,123.274
1000,7.2,0.1524,71.3,0.00752039,134.273
5000,5.3,0.2286,39.6,0.00614329,115.311
2000,3.3,0.1016,71.3,0.00202822,134.034
3150,4.0,0.3048,71.3,0.00497773,121.775
200,11.2,0.0508,71.3,0.014072,125.941
2500,0.0,0.3048,55.5,0.00283081,124.10600000000001
315,9.9,0.1524,55.5,0.0208438,132.355
1250,17.4,0.0254,71.3,0.016104,126.35600000000001
630,8.4,0.0508,31.7,0.00580776,125.85600000000001
630,0.0,0.1016,39.6,0.00146332,125.40100000000001
3150,5.4,0.1524,55.5,0.00433288,121.587
800,12.3,0.1016,31.7,0.0418756,120.037
2000,9.9,0.1524,31.7,0.0252785,116.859
2000,19.7,0.0508,39.6,0.036483999999999996,117.72399999999999
2000,0.0,0.2286,71.3,0.00214345,128.244
5000,0.0,0.0254,55.5,0.00041229,135.803
1000,12.6,0.1524,71.3,0.0483159,122.044
630,2.7,0.1524,71.3,0.00243851,127.404
315,9.5,0.0254,39.6,0.00449821,119.294
2500,0.0,0.1524,55.5,0.00172668,127.76299999999999
315,11.2,0.0508,39.6,0.015047799999999998,128.99
8000,0.0,0.0508,55.5,0.00076193,130.156
4000,2.0,0.2286,71.3,0.00293031,124.086
3150,0.0,0.3048,55.5,0.00283081,123.236
2500,3.3,0.1016,31.7,0.00251435,130.392
3150,0.0,0.1524,71.3,0.0015988,129.377
630,17.4,0.0254,39.6,0.0172206,124.514
1250,2.0,0.2286,39.6,0.00346574,128.257
1250,19.7,0.0508,39.6,0.036483999999999996,118.634
1250,22.2,0.0254,71.3,0.0214178,140.987
3150,5.3,0.2286,39.6,0.00614329,118.441
5000,8.4,0.0508,71.3,0.00529514,121.146
4000,12.3,0.1016,55.5,0.0368233,114.404
8000,4.0,0.2286,39.6,0.00473801,113.12899999999999
3150,0.0,0.0508,31.7,0.000812164,135.49
800,3.3,0.1016,31.7,0.00251435,131.362
800,3.0,0.3048,39.6,0.00495741,129.55200000000002
400,15.4,0.0508,71.3,0.0264269,126.805
3150,12.7,0.0254,71.3,0.012180799999999999,133.75799999999998
500,8.9,0.1016,39.6,0.012459600000000001,133.79
2000,1.5,0.3048,39.6,0.00392107,122.101
2000,15.6,0.1016,71.3,0.0437259,119.88799999999999
400,4.0,0.2286,39.6,0.00473801,123.87899999999999
5000,22.2,0.0254,39.6,0.022902799999999997,118.816
16000,0.0,0.1524,71.3,0.0015988,113.29700000000001
4000,3.0,0.3048,55.5,0.00452492,118.689
630,4.8,0.0254,31.7,0.0009307889999999999,120.07799999999999
6300,9.5,0.0254,39.6,0.00449821,120.324
315,12.7,0.0254,39.6,0.013025299999999998,123.537
1000,3.3,0.1016,71.3,0.00202822,131.434
800,11.2,0.0508,39.6,0.015047799999999998,133.79
400,12.3,0.1016,31.7,0.0418756,123.20700000000001
6300,12.7,0.0254,71.3,0.012180799999999999,125.398
